wy,swe
2011,9.999907397361902
2012,9.999907397361902
2013,9.999907397361902
2014,9.999907397361902
2015,9.999907397361902
2016,9.999907397361902
2017,9.999907397361902
2018,9.999907397361902
2019,9.999907397361902
2020,9.999907397361902
2021,9.999907397361902
2022,9.999907397361902
2023,9.999907397361902
2024,9.999907397361902
2025,9.999907397361902
